PRAGMA foreign_keys=OFF;
BEGIN TRANSACTION;
CREATE TABLE IF NOT EXISTS "ArtigosApp_autor" ("id" integer NOT NULL PRIMARY KEY AUTOINCREMENT, "nome" varchar(255) NOT NULL);
INSERT INTO ArtigosApp_autor VALUES(14,'Marcelo Burgos');
INSERT INTO ArtigosApp_autor VALUES(15,'Aristóteles Carneiro');
INSERT INTO ArtigosApp_autor VALUES(16,'Marcelo Matos');
INSERT INTO ArtigosApp_autor VALUES(17,'Mariana Camasmie');
INSERT INTO ArtigosApp_autor VALUES(18,'Rafaelle Castro');
INSERT INTO ArtigosApp_autor VALUES(19,'Sarah L. Monteiro');
INSERT INTO ArtigosApp_autor VALUES(20,'Maria Alice Rezende de Carvalho');
INSERT INTO ArtigosApp_autor VALUES(21,'Ricardo Ismael');
INSERT INTO ArtigosApp_autor VALUES(22,'Rafael Leone');
INSERT INTO ArtigosApp_autor VALUES(23,'Cláudia da Silva Pereira');
INSERT INTO ArtigosApp_autor VALUES(24,'Germano Andrade Penalva');
INSERT INTO ArtigosApp_autor VALUES(25,'Carla Barros');
INSERT INTO ArtigosApp_autor VALUES(26,'Inez Terezinha Stampa');
INSERT INTO ArtigosApp_autor VALUES(27,'Maria Julia Batista de Oliveira Reis');
CREATE TABLE IF NOT EXISTS "ArtigosApp_artigo_autores" ("id" integer NOT NULL PRIMARY KEY AUTOINCREMENT, "artigo_id" integer NOT NULL REFERENCES "ArtigosApp_artigo" ("id") DEFERRABLE INITIALLY DEFERRED, "autor_id" integer NOT NULL REFERENCES "ArtigosApp_autor" ("id") DEFERRABLE INITIALLY DEFERRED);
INSERT INTO ArtigosApp_artigo_autores VALUES(15,8,14);
INSERT INTO ArtigosApp_artigo_autores VALUES(16,9,14);
INSERT INTO ArtigosApp_artigo_autores VALUES(17,9,15);
INSERT INTO ArtigosApp_artigo_autores VALUES(18,9,16);
INSERT INTO ArtigosApp_artigo_autores VALUES(19,9,17);
INSERT INTO ArtigosApp_artigo_autores VALUES(20,9,18);
INSERT INTO ArtigosApp_artigo_autores VALUES(21,9,19);
INSERT INTO ArtigosApp_artigo_autores VALUES(22,10,20);
INSERT INTO ArtigosApp_artigo_autores VALUES(23,10,14);
INSERT INTO ArtigosApp_artigo_autores VALUES(24,11,21);
INSERT INTO ArtigosApp_artigo_autores VALUES(25,11,22);
INSERT INTO ArtigosApp_artigo_autores VALUES(26,12,24);
INSERT INTO ArtigosApp_artigo_autores VALUES(27,12,23);
INSERT INTO ArtigosApp_artigo_autores VALUES(28,13,25);
INSERT INTO ArtigosApp_artigo_autores VALUES(29,13,23);
INSERT INTO ArtigosApp_artigo_autores VALUES(30,14,23);
INSERT INTO ArtigosApp_artigo_autores VALUES(31,15,26);
INSERT INTO ArtigosApp_artigo_autores VALUES(32,16,26);
INSERT INTO ArtigosApp_artigo_autores VALUES(33,16,27);
CREATE TABLE IF NOT EXISTS "ArtigosApp_artigo" ("id" integer NOT NULL PRIMARY KEY AUTOINCREMENT, "nome" varchar(255) NOT NULL, "ano_publicacao" varchar(4) NOT NULL, "link" varchar(200) NOT NULL);
INSERT INTO ArtigosApp_artigo VALUES(8,'Redes de proteção e a decantação dos direitos das crianças','2010','');
INSERT INTO ArtigosApp_artigo VALUES(9,'Infrequência e Evasão Escolar: nova fronteira para a garantia dos Direitos da Criança e do Adolescente','2016','http://desigualdadediversidade.soc.puc-rio.br/media/DD_15_5-Burgos.pdf');
INSERT INTO ArtigosApp_artigo VALUES(10,'Cidade como Problema Público - Reflexão sobre o Futuro do Rio de Janeiro','2015','http://periodicos.puc-rio.br/index.php/revistaprumo/article/view/140');
INSERT INTO ArtigosApp_artigo VALUES(11,'Fundo Social do Pré-Sal no Brasil: Marco Legal e Institucional, especificidades e desafios na promoção do Desenvolvimento Humano','2022','https://revistas.unisinos.br/index.php/ciencias_sociais/article/view/25357/60749396');
INSERT INTO ArtigosApp_artigo VALUES(12,'Nem todas querem ser Madonna: representações sociais da mulher carioca, de 50 anos ou mais','2014','https://www.scielo.br/j/ref/a/qFsCdGSstggRcpjtzcrnFqK');
INSERT INTO ArtigosApp_artigo VALUES(13,'Cariocas não gostam de dias nublados: comunicação, consumo e lifestyle no discurso da FARM','2012','https://revistaseletronicas.pucrs.br/ojs/index.php/revistafamecos/article/view/12904/8609');
INSERT INTO ArtigosApp_artigo VALUES(14,'Representações do mundo da moda na mídia: do luxo ao lixo','2009','https://revistaseletronicas.pucrs.br/ojs/index.php/revistafamecos/article/view/6324/4599');
INSERT INTO ArtigosApp_artigo VALUES(15,'Trabalho e precarização social no capitalismo contemporâneo: dilemas e resistência do movimento organizado de trabalhadores','2018','https://periodicoseletronicos.ufma.br/index.php/rppublica/article/view/9785/5735');
INSERT INTO ArtigosApp_artigo VALUES(16,'Trabalho e informalidade a função social dos trabalhadores ambulantes no espaço urbano','2017','https://periodicoscientificos.itp.ifsp.edu.br/index.php/rbic/article/view/1005/439');
COMMIT;

